{
  "model_type": "Decision Tree Regressor",
  "targets": [
    "pm25",
    "pm10",
    "co",
    "lpg",
    "hydrogen"
  ],
  "features_count": 38,
  "training_samples": 53527,
  "testing_samples": 13382,
  "hyperparameters": {
    "max_depth": 12,
    "min_samples_split": 20,
    "min_samples_leaf": 10,
    "max_features": "sqrt"
  },
  "metrics": {
    "pm25": {
      "model": "Decision Tree",
      "train_mae": 5.9034580900105045,
      "train_rmse": 12.62139243058182,
      "train_r2": 0.9880343073366396,
      "test_mae": 7.783339572114002,
      "test_rmse": 15.304872506937789,
      "test_r2": 0.9611695626502783
    },
    "pm10": {
      "model": "Decision Tree",
      "train_mae": 8.78642027766971,
      "train_rmse": 20.02727904965933,
      "train_r2": 0.9787227832331531,
      "test_mae": 10.77494152099196,
      "test_rmse": 25.244410160062227,
      "test_r2": 0.9265377101149188
    },
    "co": {
      "model": "Decision Tree",
      "train_mae": 0.02011588642904612,
      "train_rmse": 0.02953630940794875,
      "train_r2": 0.9507083983500536,
      "test_mae": 0.03431039912961917,
      "test_rmse": 0.04776561721051749,
      "test_r2": 0.8653766057638853
    },
    "lpg": {
      "model": "Decision Tree",
      "train_mae": 0.01814512757168336,
      "train_rmse": 0.026571207407906992,
      "train_r2": 0.7122328770763027,
      "test_mae": 0.026810088125889125,
      "test_rmse": 0.03426062373744452,
      "test_r2": 0.25811910110868264
    },
    "hydrogen": {
      "model": "Decision Tree",
      "train_mae": 0.016656152311283135,
      "train_rmse": 0.02452703557585253,
      "train_r2": 0.6566936075319841,
      "test_mae": 0.04287618102039672,
      "test_rmse": 0.051396919842111116,
      "test_r2": -2.8511089547883386
    }
  },
  "timestamp": "2026-04-28T21:45:27.715278"
}