{
  "model_type": "XGBoost Regressor",
  "target": "pm25",
  "features": [
    "temperature",
    "humidity",
    "pm10",
    "mq2_adc",
    "mq7_adc",
    "mq8_adc"
  ],
  "r2_train": 0.9784764767257258,
  "r2_test": 0.9698850547583096,
  "mae": 5.803569339914943,
  "rmse": 18.795099152222402,
  "pm25_range": [
    2.0,
    500.0
  ],
  "pm25_mean": 221.09946353053692
}