{"mae": 12.503885713224987, "rmse": 35.54919447015088, "r2": 0.8279830719058885, "prediction": 435.6185302734375}