{
  "model": "XGBoost",
  "train_mae": 1.120585398399706,
  "train_rmse": 1.6566333747283428,
  "train_r2": 0.9997938515617283,
  "test_mae": 2.433345864375349,
  "test_rmse": 4.528809677964094,
  "test_r2": 0.9965999837742116,
  "features": [
    "temperature",
    "humidity",
    "pm10",
    "mq2_adc",
    "mq7_adc",
    "mq8_adc",
    "pm25_lag_1",
    "pm25_lag_2",
    "pm25_lag_3",
    "pm10_lag_1",
    "pm10_lag_2",
    "pm10_lag_3",
    "mq7_lag_1",
    "mq7_lag_2",
    "mq7_lag_3",
    "pm25_rolling_mean_5",
    "pm25_rolling_mean_10",
    "pm10_rolling_mean_5",
    "hour",
    "day_of_week",
    "is_weekend",
    "pm25_rate",
    "temp_rate"
  ],
  "n_features": 23
}