{
  "Isolation Forest": {
    "anomaly_detection": true,
    "anomaly_percentage": 5.000224158285638,
    "total_anomalies": 3346,
    "anomaly_stats": {
      "pm25": {
        "normal_mean": 214.00701577763445,
        "anomaly_mean": 355.7570233114166,
        "ratio": 1.6623537301568498
      },
      "pm10": {
        "normal_mean": 236.28122886221706,
        "anomaly_mean": 448.1539151225344,
        "ratio": 1.8966890454714043
      },
      "co": {
        "normal_mean": 0.6213213886835193,
        "anomaly_mean": 0.6315528989838614,
        "ratio": 1.014833991677308
      },
      "lpg": {
        "normal_mean": 0.45934496861776597,
        "anomaly_mean": 0.4657842199641363,
        "ratio": 1.011815598555801
      },
      "hydrogen": {
        "normal_mean": 0.344237356656337,
        "anomaly_mean": 0.34316407650926484,
        "ratio": 0.9939946239678344
      }
    }
  },
  "LSTM": {
    "pm25": {
      "model": "LSTM",
      "test_mae": 13.632314014320704,
      "test_rmse": 22.317158512057446,
      "test_r2": 0.9174234928860701
    },
    "pm10": {
      "model": "LSTM",
      "test_mae": 13.53431843498885,
      "test_rmse": 28.676683700845363,
      "test_r2": 0.9051968723734224
    },
    "co": {
      "model": "LSTM",
      "test_mae": 0.029513667045240808,
      "test_rmse": 0.04190973573314125,
      "test_r2": 0.8963965520518651
    },
    "lpg": {
      "model": "LSTM",
      "test_mae": 0.023264963319959163,
      "test_rmse": 0.029922317141962654,
      "test_r2": 0.4342589437864106
    },
    "hydrogen": {
      "model": "LSTM",
      "test_mae": 0.04303416722618889,
      "test_rmse": 0.04860513902330219,
      "test_r2": -2.4438844680954905
    }
  }
}