{
  "model_type": "LSTM (Bidirectional)",
  "targets": [
    "pm25",
    "pm10",
    "co",
    "lpg",
    "hydrogen"
  ],
  "features_count": 38,
  "training_samples": 53517,
  "testing_samples": 13372,
  "sequence_length": 10,
  "hyperparameters": {
    "lstm_units": [
      128,
      64,
      32
    ],
    "dropout": [
      0.2,
      0.2,
      0.2
    ],
    "bidirectional": true,
    "epochs": 15,
    "batch_size": 32
  },
  "metrics": {
    "pm25": {
      "model": "LSTM",
      "test_mae": 13.632314014320704,
      "test_rmse": 22.317158512057446,
      "test_r2": 0.9174234928860701
    },
    "pm10": {
      "model": "LSTM",
      "test_mae": 13.53431843498885,
      "test_rmse": 28.676683700845363,
      "test_r2": 0.9051968723734224
    },
    "co": {
      "model": "LSTM",
      "test_mae": 0.029513667045240808,
      "test_rmse": 0.04190973573314125,
      "test_r2": 0.8963965520518651
    },
    "lpg": {
      "model": "LSTM",
      "test_mae": 0.023264963319959163,
      "test_rmse": 0.029922317141962654,
      "test_r2": 0.4342589437864106
    },
    "hydrogen": {
      "model": "LSTM",
      "test_mae": 0.04303416722618889,
      "test_rmse": 0.04860513902330219,
      "test_r2": -2.4438844680954905
    }
  },
  "timestamp": "2026-04-28T22:34:11.995078"
}